,teams,url
0,['Oklahoma'],www.reddit.com/r/collegebasketball
1,"['Iowa', 'State']",www.reddit.com/r/collegebasketball
2,"['Florida', 'Atlantic']",www.reddit.com/r/collegebasketball
3,['UTEP'],www.reddit.com/r/collegebasketball
4,"['North', 'Texas']",www.reddit.com/r/collegebasketball
5,"['Middle', 'Tennessee']",www.reddit.com/r/collegebasketball
6,['California'],www.reddit.com/r/collegebasketball
7,['Stanford'],www.reddit.com/r/collegebasketball
8,['Toledo'],www.reddit.com/r/collegebasketball
9,"['Ball', 'State']",www.reddit.com/r/collegebasketball
10,"['Oregon', 'State']",www.reddit.com/r/collegebasketball
11,['UCLA'],www.reddit.com/r/collegebasketball
12,['Kansas'],www.reddit.com/r/collegebasketball
13,['Oklahoma'],www.reddit.com/r/collegebasketball
14,['Rutgers'],www.reddit.com/r/collegebasketball
15,['Indiana'],www.reddit.com
16,['UCF'],www.reddit.com
17,"['East', 'Carolina']",www.reddit.com
18,['Missouri'],www.reddit.com
19,['Georgia'],www.reddit.com
20,['Akron'],www.reddit.com
21,"['Bowling', 'Green']",www.reddit.com
22,"['Seattle', 'U']",www.reddit.com
23,"['California', 'Baptist']",www.reddit.com
24,['Niagara'],www.reddit.com
25,['Marist'],www.reddit.com
26,['Eastern'],www.reddit.com
27,"['Defeats', 'Northern', 'Arizona']",www.reddit.com
28,"['UC', 'Irvine']",www.reddit.com/r/python
29,"['Cal', 'Poly']",www.reddit.com/r/python
30,"['North', 'Carolina']",www.reddit.com/r/python
31,"['Virginia', 'Tech']",www.reddit.com/r/python
32,"['Utah', 'State']",www.reddit.com/r/python
33,['UNLV'],www.reddit.com/r/python
34,['Lamar'],www.reddit.com/r/python
35,"['Sam', 'Houston', 'State']",www.reddit.com/r/python
36,['UConn'],www.reddit.com/r/python
37,['DePaul'],www.reddit.com/r/python
38,['Wisconsin'],www.reddit.com/r/python
39,"['Penn', 'State']",www.reddit.com/r/python
40,"['Ole', 'Miss']",www.reddit.com/r/python
41,"['South', 'Carolina']",www.reddit.com/r/python
42,"['Norfolk', 'St']",www.reddit.com/r/python
43,"['North', 'Carolina', 'Central']",www.reddit.com/r/python
44,"['Louisiana', 'Tech']",www.reddit.com/r/UIUC
45,"['Florida', 'Atlantic']",www.reddit.com/r/UIUC
46,['Texas'],www.reddit.com/r/UIUC
47,"['Texas', 'Tech']",www.reddit.com/r/UIUC
48,['USC'],www.reddit.com/r/UIUC
49,['Utah'],www.reddit.com/r/UIUC
50,['Grambling'],www.reddit.com/r/UIUC
51,['Southern'],www.reddit.com/r/UIUC
52,"['North', 'Texas']",www.reddit.com/r/UIUC
53,"['Old', 'Dominion']",www.reddit.com/r/UIUC
54,"['UC', 'Riverside']",www.reddit.com/r/UIUC
55,"[""Hawai'i""]",www.reddit.com/r/UIUC
56,['Montana'],www.reddit.com/r/UIUC
57,"['Weber', 'State']",www.reddit.com/r/UIUC
58,"['New', 'Mexico', 'State']",www.reddit.com/r/UIUC
59,"['UT', 'Rio', 'Grande', 'Valley']",www.reddit.com/r/UIUC
60,"['Colorado', 'State']",www.reddit.com/r/UIUC
61,"['Fresno', 'State']",www.reddit.com/r/UIUC
62,['Colorado'],www.reddit.com/r/UIUC
63,['California'],www.reddit.com/r/UIUC
