,sids
0,m2czja
1,m2d2vb
2,m2d4ds
3,m2dm8t
4,m2efdc
5,m2egrl
6,m2elnn
7,m2em91
8,m2epzz
9,m2exo8
10,m2f0wf
11,m2f7di
12,m2ffk9
13,m2fr8u
14,m2fsli
15,m2gzyb
16,m2h44y
17,m2hf8s
18,m2hhmy
19,m2hq0i
20,m2hsvy
21,m2hxh7
22,m2i7xj
23,m2icso
24,m2x47v
25,m2xcaf
26,m2xiex
27,m2xvsv
28,m2xzzz
29,m2ydu5
30,m2yeh4
31,m2zqb3
32,m30nim
33,m30zdg
34,m316ep
35,m31esn
36,m31fd6
37,m31fju
38,m31g5r
39,m31yxx
40,m327dj
41,m32j2d
42,m33tzi
43,m34im9
44,m35kp0
45,m35mm4
46,m3601s
47,m366fs
48,m36dnf
49,m36z69
50,m36z6t
51,m370n5
52,m37ffd
53,m37qhk
54,m37vpw
55,m385qv
56,m38p2h
57,m394ad
58,m39abt
59,m39cbb
60,m39hsw
61,m39o83
62,m39r5u
63,m39ruc
64,m39w6f
65,m3a0o6
66,m3a4ol
67,m3a76i
68,m3b6rb
69,m3bar1
70,m3bdo2
71,m3bub0
72,m3cn8v
73,m3nuzr
74,m3ofuz
75,m3ojdn
76,m3ovr6
77,m3ryzd
78,m3rzrg
79,m3scui
80,m3sx1l
81,m3sz61
82,m3uvc1
83,m3vg0v
84,m3vt3l
85,m3vvmg
86,m3vvmr
87,m3wb6l
88,m3wkkn
89,m3wlr7
90,m3wtgj
91,m3x1j3
92,m3xhj2
93,m3xpbz
94,m3xu5v
95,m3ybl5
96,m3yi1w
97,m3ym3j
98,m3ynyj
99,m3yrra
100,m3z11u
101,m3z3st
102,m3z4bj
103,m3zm5e
104,m3zq2l
105,m3ztcs
106,m40h25
107,m40tcm
108,m41ell
109,m41pkr
